b169012,pushkarroushan,5 minutes ago,Merge https://github.com/pushkarroushan/ContinuousIntegration into newfeature
27a2607,pushkarroushan,7 hours ago,first commit
a80107f,pushkarroushan,3 weeks ago,Jenkinsfile
46877d7,pushkarroushan,3 weeks ago,Jenkinsfile
520b455,pushkarroushan,3 weeks ago,Jenkinsfile
2b1e4bf,pushkarroushan,3 weeks ago,Jenkinsfile
8753b27,pushkarroushan,3 weeks ago,pull Merge https://github.com/pushkarroushan/ContinuousIntegration
f7a11de,pushkarroushan,3 weeks ago,Delete Jenkinsfile
a1327f3,pushkarroushan,3 weeks ago,Jenkinsfile
58ccf3f,pushkarroushan,3 weeks ago,Added Jenkinsfile
a098445,pushkarroushan,3 weeks ago,updated
a790de4,pushkarroushan,3 weeks ago,deleted
87357a4,Sandeep Rawat,3 weeks ago,Updated findbug version to 3.0.1
d58db29,Sandeep Rawat,3 weeks ago,Updated findbug version to make it compatible with java8